,To_State_0,To_State_1,To_State_2
From_State_0,0.4884153592333342,0.023169281533331695,0.4884153592333342
From_State_1,0.4394207639079508,0.12115847218409849,0.4394207639079508
From_State_2,0.46282493881674924,0.0743501223665016,0.46282493881674924
